filename,class
1.jpg,Non_raveling
2.jpg,Non_raveling
3.jpg,Non_raveling
4.jpg,Non_raveling
5.jpg,Non_raveling
6.jpg,Non_raveling
7.jpg,Non_raveling
8.jpg,Non_raveling
9.jpg,Non_raveling
10.jpg,Non_raveling
11.jpg,Non_raveling
12.jpg,Non_raveling
13.jpg,Non_raveling
14.jpg,Non_raveling
15.jpg,Non_raveling
16.jpg,Non_raveling
17.jpg,Non_raveling
18.jpg,Non_raveling
19.jpg,Non_raveling
20.jpg,Non_raveling
21.jpg,Non_raveling
22.jpg,Non_raveling
23.jpg,Non_raveling
24.jpg,Non_raveling
25.jpg,Non_raveling
26.jpg,Raveling
27.jpg,Raveling
28.jpg,Raveling
29.jpg,Raveling
30.jpg,Raveling
31.jpg,Raveling
32.jpg,Raveling
33.jpg,Raveling
34.jpg,Raveling
35.jpg,Raveling
36.jpg,Raveling
37.jpg,Raveling
38.jpg,Raveling
39.jpg,Raveling
40.jpg,Raveling
41.jpg,Raveling
42.jpg,Raveling
43.jpg,Raveling
44.jpg,Raveling
45.jpg,Raveling
46.jpg,Raveling
47.jpg,Raveling
48.jpg,Raveling
49.jpg,Raveling
50.jpg,Raveling
51.jpg,Non_raveling
52.jpg,Non_raveling
53.jpg,Non_raveling
54.jpg,Non_raveling
55.jpg,Non_raveling
56.jpg,Non_raveling
57.jpg,Non_raveling
58.jpg,Non_raveling
59.jpg,Non_raveling
60.jpg,Non_raveling
61.jpg,Non_raveling
62.jpg,Non_raveling
63.jpg,Non_raveling
64.jpg,Non_raveling
65.jpg,Non_raveling
66.jpg,Non_raveling
67.jpg,Non_raveling
68.jpg,Non_raveling
69.jpg,Non_raveling
70.jpg,Non_raveling
71.jpg,Non_raveling
72.jpg,Non_raveling
73.jpg,Non_raveling
74.jpg,Non_raveling
75.jpg,Non_raveling
76.jpg,Raveling
77.jpg,Raveling
78.jpg,Raveling
79.jpg,Raveling
80.jpg,Raveling
81.jpg,Raveling
82.jpg,Raveling
83.jpg,Raveling
84.jpg,Raveling
85.jpg,Raveling
86.jpg,Raveling
87.jpg,Raveling
88.jpg,Raveling
89.jpg,Raveling
90.jpg,Raveling
91.jpg,Raveling
92.jpg,Raveling
93.jpg,Raveling
94.jpg,Raveling
95.jpg,Raveling
96.jpg,Raveling
97.jpg,Raveling
98.jpg,Raveling
99.jpg,Raveling
100.jpg,Raveling
101.jpg,Non_raveling
102.jpg,Non_raveling
103.jpg,Non_raveling
104.jpg,Non_raveling
105.jpg,Non_raveling
106.jpg,Non_raveling
107.jpg,Non_raveling
108.jpg,Non_raveling
109.jpg,Non_raveling
110.jpg,Non_raveling
111.jpg,Non_raveling
112.jpg,Non_raveling
113.jpg,Non_raveling
114.jpg,Non_raveling
115.jpg,Non_raveling
116.jpg,Non_raveling
117.jpg,Non_raveling
118.jpg,Non_raveling
119.jpg,Non_raveling
120.jpg,Non_raveling
121.jpg,Non_raveling
122.jpg,Non_raveling
123.jpg,Non_raveling
124.jpg,Non_raveling
125.jpg,Non_raveling
126.jpg,Raveling
127.jpg,Raveling
128.jpg,Raveling
129.jpg,Raveling
130.jpg,Raveling
131.jpg,Raveling
132.jpg,Raveling
133.jpg,Raveling
134.jpg,Raveling
135.jpg,Raveling
136.jpg,Raveling
137.jpg,Raveling
138.jpg,Raveling
139.jpg,Raveling
140.jpg,Raveling
141.jpg,Raveling
142.jpg,Raveling
143.jpg,Raveling
144.jpg,Raveling
145.jpg,Raveling
146.jpg,Raveling
147.jpg,Raveling
148.jpg,Raveling
149.jpg,Raveling
150.jpg,Raveling
151.jpg,Non_raveling
152.jpg,Non_raveling
153.jpg,Non_raveling
154.jpg,Non_raveling
155.jpg,Non_raveling
156.jpg,Non_raveling
157.jpg,Non_raveling
158.jpg,Non_raveling
159.jpg,Non_raveling
160.jpg,Non_raveling
161.jpg,Non_raveling
162.jpg,Non_raveling
163.jpg,Non_raveling
164.jpg,Non_raveling
165.jpg,Non_raveling
166.jpg,Non_raveling
167.jpg,Non_raveling
168.jpg,Non_raveling
169.jpg,Non_raveling
170.jpg,Non_raveling
171.jpg,Non_raveling
172.jpg,Non_raveling
173.jpg,Non_raveling
174.jpg,Non_raveling
175.jpg,Non_raveling
176.jpg,Raveling
177.jpg,Raveling
178.jpg,Raveling
179.jpg,Raveling
180.jpg,Raveling
181.jpg,Raveling
182.jpg,Raveling
183.jpg,Raveling
184.jpg,Raveling
185.jpg,Raveling
186.jpg,Raveling
187.jpg,Raveling
188.jpg,Raveling
189.jpg,Raveling
190.jpg,Raveling
191.jpg,Raveling
192.jpg,Raveling
193.jpg,Raveling
194.jpg,Raveling
195.jpg,Raveling
196.jpg,Raveling
197.jpg,Raveling
198.jpg,Raveling
199.jpg,Raveling
200.jpg,Raveling
201.jpg,Non_raveling
202.jpg,Non_raveling
203.jpg,Non_raveling
204.jpg,Non_raveling
205.jpg,Non_raveling
206.jpg,Non_raveling
207.jpg,Non_raveling
208.jpg,Non_raveling
209.jpg,Non_raveling
210.jpg,Non_raveling
211.jpg,Non_raveling
212.jpg,Non_raveling
213.jpg,Non_raveling
214.jpg,Non_raveling
215.jpg,Non_raveling
216.jpg,Non_raveling
217.jpg,Non_raveling
218.jpg,Non_raveling
219.jpg,Non_raveling
220.jpg,Non_raveling
221.jpg,Non_raveling
222.jpg,Non_raveling
223.jpg,Non_raveling
224.jpg,Non_raveling
225.jpg,Non_raveling
226.jpg,Raveling
227.jpg,Raveling
228.jpg,Raveling
229.jpg,Raveling
230.jpg,Raveling
231.jpg,Raveling
232.jpg,Raveling
233.jpg,Raveling
234.jpg,Raveling
235.jpg,Raveling
236.jpg,Raveling
237.jpg,Raveling
238.jpg,Raveling
239.jpg,Raveling
240.jpg,Raveling
241.jpg,Raveling
242.jpg,Raveling
243.jpg,Raveling
244.jpg,Raveling
245.jpg,Raveling
246.jpg,Raveling
247.jpg,Raveling
248.jpg,Raveling
249.jpg,Raveling
250.jpg,Raveling
251.jpg,Non_raveling
252.jpg,Non_raveling
253.jpg,Non_raveling
254.jpg,Non_raveling
255.jpg,Non_raveling
256.jpg,Non_raveling
257.jpg,Non_raveling
258.jpg,Non_raveling
259.jpg,Non_raveling
260.jpg,Non_raveling
261.jpg,Non_raveling
262.jpg,Non_raveling
263.jpg,Non_raveling
264.jpg,Non_raveling
265.jpg,Non_raveling
266.jpg,Non_raveling
267.jpg,Non_raveling
268.jpg,Non_raveling
269.jpg,Non_raveling
270.jpg,Non_raveling
271.jpg,Non_raveling
272.jpg,Non_raveling
273.jpg,Non_raveling
274.jpg,Non_raveling
275.jpg,Non_raveling
276.jpg,Raveling
277.jpg,Raveling
278.jpg,Raveling
279.jpg,Raveling
280.jpg,Raveling
281.jpg,Raveling
282.jpg,Raveling
283.jpg,Raveling
284.jpg,Raveling
285.jpg,Raveling
286.jpg,Raveling
287.jpg,Raveling
288.jpg,Raveling
289.jpg,Raveling
290.jpg,Raveling
291.jpg,Raveling
292.jpg,Raveling
293.jpg,Raveling
294.jpg,Raveling
295.jpg,Raveling
296.jpg,Raveling
297.jpg,Raveling
298.jpg,Raveling
299.jpg,Raveling
300.jpg,Raveling